{
  "xgboost": {
    "accuracy": 0.9998460709612869,
    "f1": 0.98,
    "report": {
      "0": {
        "precision": 0.999922738159623,
        "recall": 0.999922738159623,
        "f1-score": 0.999922738159623,
        "support": 25886.0
      },
      "1": {
        "precision": 0.98,
        "recall": 0.98,
        "f1-score": 0.98,
        "support": 100.0
      },
      "accuracy": 0.9998460709612869,
      "macro avg": {
        "precision": 0.9899613690798115,
        "recall": 0.9899613690798115,
        "f1-score": 0.9899613690798115,
        "support": 25986.0
      },
      "weighted avg": {
        "precision": 0.9998460709612869,
        "recall": 0.9998460709612869,
        "f1-score": 0.9998460709612869,
        "support": 25986.0
      }
    },
    "confusion_matrix": [
      [
        25884,
        2
      ],
      [
        2,
        98
      ]
    ]
  },
  "mlp": {
    "accuracy": 0.9961517740321711,
    "f1": 0.0,
    "report": {
      "0": {
        "precision": 0.9961517740321711,
        "recall": 1.0,
        "f1-score": 0.9980721776681061,
        "support": 25886.0
      },
      "1": {
        "precision": 0.0,
        "recall": 0.0,
        "f1-score": 0.0,
        "support": 100.0
      },
      "accuracy": 0.9961517740321711,
      "macro avg": {
        "precision": 0.4980758870160856,
        "recall": 0.5,
        "f1-score": 0.49903608883405304,
        "support": 25986.0
      },
      "weighted avg": {
        "precision": 0.9923183569074417,
        "recall": 0.9961517740321711,
        "f1-score": 0.9942313703962361,
        "support": 25986.0
      }
    },
    "confusion_matrix": [
      [
        25886,
        0
      ],
      [
        100,
        0
      ]
    ]
  }
}